id,season,city,date,team1,team2,toss_winner,toss_decision,result,dl_applied,winner,win_by_runs,win_by_wickets,player_of_match,venue,umpire1,umpire2,umpire3
1,2017,Hyderabad,2017-05-04,Sunrisers Hyderabad,Royal Challengers Bangalore,Royal Challengers Bangalore,field,normal,0,Sunrisers Hyderabad,35,0,Yuvraj Singh,"Rajiv Gandhi International Stadium, Uppal",AY Dandekar,NJ Llong,unknown
2,2017,Pune,2017-06-04,Mumbai Indians,Rising Pune Supergiant,Rising Pune Supergiant,field,normal,0,Rising Pune Supergiant,0,7,SPD Smith,Maharashtra Cricket Association Stadium,A Nand Kishore,S Ravi,unknown
3,2017,Rajkot,2017-07-04,Gujarat Lions,Kolkata Knight Riders,Kolkata Knight Riders,field,normal,0,Kolkata Knight Riders,0,10,CA Lynn,Saurashtra Cricket Association Stadium,Nitin Menon,CK Nandan,unknown
4,2017,Indore,2017-08-04,Rising Pune Supergiant,Kings XI Punjab,Kings XI Punjab,field,normal,0,Kings XI Punjab,0,6,GJ Maxwell,Holkar Cricket Stadium,AK Chaudhary,C Shamshuddin,unknown
5,2017,Bangalore,2017-08-04,Royal Challengers Bangalore,Delhi Daredevils,Royal Challengers Bangalore,bat,normal,0,Royal Challengers Bangalore,15,0,KM Jadhav,M Chinnaswamy Stadium,unknown,unknown,unknown
6,2017,Hyderabad,2017-09-04,Gujarat Lions,Sunrisers Hyderabad,Sunrisers Hyderabad,field,normal,0,Sunrisers Hyderabad,0,9,Rashid Khan,"Rajiv Gandhi International Stadium, Uppal",A Deshmukh,NJ Llong,unknown
7,2017,Mumbai,2017-09-04,Kolkata Knight Riders,Mumbai Indians,Mumbai Indians,field,normal,0,Mumbai Indians,0,4,N Rana,Wankhede Stadium,Nitin Menon,CK Nandan,unknown
8,2017,Indore,2017-10-04,Royal Challengers Bangalore,Kings XI Punjab,Royal Challengers Bangalore,bat,normal,0,Kings XI Punjab,0,8,AR Patel,Holkar Cricket Stadium,AK Chaudhary,C Shamshuddin,unknown
9,2017,Pune,2017-11-04,Delhi Daredevils,Rising Pune Supergiant,Rising Pune Supergiant,field,normal,0,Delhi Daredevils,97,0,SV Samson,Maharashtra Cricket Association Stadium,AY Dandekar,S Ravi,unknown
10,2017,Mumbai,2017-12-04,Sunrisers Hyderabad,Mumbai Indians,Mumbai Indians,field,normal,0,Mumbai Indians,0,4,JJ Bumrah,Wankhede Stadium,Nitin Menon,CK Nandan,unknown
37,2017,Mumbai,2017-01-05,Royal Challengers Bangalore,Mumbai Indians,Royal Challengers Bangalore,bat,normal,0,Mumbai Indians,0,5,RG Sharma,Wankhede Stadium,AK Chaudhary,CB Gaffaney,unknown
38,2017,Pune,2017-01-05,Gujarat Lions,Rising Pune Supergiant,Rising Pune Supergiant,field,normal,0,Rising Pune Supergiant,0,5,BA Stokes,Maharashtra Cricket Association Stadium,M Erasmus,C Shamshuddin,unknown
39,2017,Delhi,2017-02-05,Sunrisers Hyderabad,Delhi Daredevils,Delhi Daredevils,field,normal,0,Delhi Daredevils,0,6,Mohammed Shami,Feroz Shah Kotla,YC Barde,Nitin Menon,unknown
40,2017,Kolkata,2017-03-05,Kolkata Knight Riders,Rising Pune Supergiant,Rising Pune Supergiant,field,normal,0,Rising Pune Supergiant,0,4,RA Tripathi,Eden Gardens,KN Ananthapadmanabhan,A Nand Kishore,unknown
41,2017,Delhi,2017-04-05,Gujarat Lions,Delhi Daredevils,Delhi Daredevils,field,normal,0,Delhi Daredevils,0,7,RR Pant,Feroz Shah Kotla,M Erasmus,Nitin Menon,unknown
42,2017,Bangalore,2017-05-05,Kings XI Punjab,Royal Challengers Bangalore,Royal Challengers Bangalore,field,normal,0,Kings XI Punjab,19,0,Sandeep Sharma,M Chinnaswamy Stadium,CB Gaffaney,C Shamshuddin,unknown
43,2017,Hyderabad,2017-06-05,Rising Pune Supergiant,Sunrisers Hyderabad,Sunrisers Hyderabad,field,normal,0,Rising Pune Supergiant,12,0,JD Unadkat,"Rajiv Gandhi International Stadium, Uppal",KN Ananthapadmanabhan,AK Chaudhary,unknown
44,2017,Delhi,2017-06-05,Mumbai Indians,Delhi Daredevils,Delhi Daredevils,field,normal,0,Mumbai Indians,146,0,LMP Simmons,Feroz Shah Kotla,Nitin Menon,CK Nandan,unknown
45,2017,Bangalore,2017-07-05,Royal Challengers Bangalore,Kolkata Knight Riders,Kolkata Knight Riders,field,normal,0,Kolkata Knight Riders,0,6,SP Narine,M Chinnaswamy Stadium,AY Dandekar,C Shamshuddin,unknown
46,2017,Chandigarh,2017-07-05,Kings XI Punjab,Gujarat Lions,Gujarat Lions,field,normal,0,Gujarat Lions,0,6,DR Smith,"Punjab Cricket Association IS Bindra Stadium, Mohali",A Nand Kishore,VK Sharma,unknown
47,2017,Hyderabad,2017-08-05,Mumbai Indians,Sunrisers Hyderabad,Mumbai Indians,bat,normal,0,Sunrisers Hyderabad,0,7,S Dhawan,"Rajiv Gandhi International Stadium, Uppal",KN Ananthapadmanabhan,M Erasmus,unknown
48,2017,Chandigarh,2017-09-05,Kings XI Punjab,Kolkata Knight Riders,Kolkata Knight Riders,field,normal,0,Kings XI Punjab,14,0,MM Sharma,"Punjab Cricket Association IS Bindra Stadium, Mohali",A Nand Kishore,S Ravi,unknown
49,2017,Kanpur,2017-10-05,Gujarat Lions,Delhi Daredevils,Delhi Daredevils,field,normal,0,Delhi Daredevils,0,2,SS Iyer,Green Park,YC Barde,AK Chaudhary,unknown
50,2017,Mumbai,2017-11-05,Kings XI Punjab,Mumbai Indians,Mumbai Indians,field,normal,0,Kings XI Punjab,7,0,WP Saha,Wankhede Stadium,A Deshmukh,A Nand Kishore,unknown
51,2017,Delhi,2017-12-05,Delhi Daredevils,Rising Pune Supergiant,Delhi Daredevils,bat,normal,0,Delhi Daredevils,7,0,KK Nair,Feroz Shah Kotla,KN Ananthapadmanabhan,CK Nandan,unknown
77,2008,Hyderabad,2008-01-05,Deccan Chargers,Kings XI Punjab,Kings XI Punjab,field,normal,0,Kings XI Punjab,0,7,SE Marsh,"Rajiv Gandhi International Stadium, Uppal",BR Doctrove,RB Tiffin,unknown
78,2008,Jaipur,2008-01-05,Rajasthan Royals,Kolkata Knight Riders,Rajasthan Royals,bat,normal,0,Rajasthan Royals,45,0,SA Asnodkar,Sawai Mansingh Stadium,RE Koertzen,GA Pratapkumar,unknown
79,2008,Chennai,2008-02-05,Chennai Super Kings,Delhi Daredevils,Chennai Super Kings,bat,normal,0,Delhi Daredevils,0,8,V Sehwag,"MA Chidambaram Stadium, Chepauk",BF Bowden,K Hariharan,unknown
81,2008,Chandigarh,2008-03-05,Kings XI Punjab,Kolkata Knight Riders,Kings XI Punjab,bat,normal,0,Kings XI Punjab,9,0,IK Pathan,"Punjab Cricket Association Stadium, Mohali",DJ Harper,I Shivram,unknown
82,2008,Mumbai,2008-04-05,Mumbai Indians,Delhi Daredevils,Delhi Daredevils,field,normal,0,Mumbai Indians,29,0,SM Pollock,Dr DY Patil Sports Academy,IL Howell,RE Koertzen,unknown
83,2008,Jaipur,2008-04-05,Chennai Super Kings,Rajasthan Royals,Chennai Super Kings,bat,normal,0,Rajasthan Royals,0,8,Sohail Tanvir,Sawai Mansingh Stadium,Asad Rauf,AV Jayaprakash,unknown
84,2008,Bangalore,2008-05-05,Royal Challengers Bangalore,Kings XI Punjab,Kings XI Punjab,field,normal,0,Kings XI Punjab,0,6,S Sreesanth,M Chinnaswamy Stadium,SJ Davis,BR Doctrove,unknown
85,2008,Chennai,2008-06-05,Chennai Super Kings,Deccan Chargers,Deccan Chargers,field,normal,0,Deccan Chargers,0,7,AC Gilchrist,"MA Chidambaram Stadium, Chepauk",MR Benson,RB Tiffin,unknown
86,2008,Mumbai,2008-07-05,Rajasthan Royals,Mumbai Indians,Mumbai Indians,field,normal,0,Mumbai Indians,0,7,A Nehra,Dr DY Patil Sports Academy,DJ Harper,RE Koertzen,unknown
87,2008,Delhi,2008-08-05,Delhi Daredevils,Chennai Super Kings,Chennai Super Kings,field,normal,0,Chennai Super Kings,0,4,MS Dhoni,Feroz Shah Kotla,Aleem Dar,RB Tiffin,unknown
88,2008,Kolkata,2008-08-05,Kolkata Knight Riders,Royal Challengers Bangalore,Kolkata Knight Riders,bat,normal,0,Kolkata Knight Riders,5,0,SC Ganguly,Eden Gardens,Asad Rauf,IL Howell,unknown
89,2008,Jaipur,2008-09-05,Deccan Chargers,Rajasthan Royals,Rajasthan Royals,field,normal,0,Rajasthan Royals,0,8,YK Pathan,Sawai Mansingh Stadium,MR Benson,AM Saheba,unknown
91,2008,Chennai,2008-10-05,Chennai Super Kings,Kings XI Punjab,Kings XI Punjab,field,normal,0,Chennai Super Kings,18,0,L Balaji,"MA Chidambaram Stadium, Chepauk",AV Jayaprakash,BG Jerling,unknown
92,2008,Hyderabad,2008-11-05,Kolkata Knight Riders,Deccan Chargers,Kolkata Knight Riders,bat,normal,0,Kolkata Knight Riders,23,0,SC Ganguly,"Rajiv Gandhi International Stadium, Uppal",IL Howell,AM Saheba,unknown
93,2008,Jaipur,2008-11-05,Delhi Daredevils,Rajasthan Royals,Rajasthan Royals,field,normal,0,Rajasthan Royals,0,3,SR Watson,Sawai Mansingh Stadium,SJ Davis,RE Koertzen,unknown
94,2008,Chandigarh,2008-12-05,Royal Challengers Bangalore,Kings XI Punjab,Royal Challengers Bangalore,bat,normal,0,Kings XI Punjab,0,9,SE Marsh,"Punjab Cricket Association Stadium, Mohali",BR Doctrove,I Shivram,unknown
111,2008,Bangalore,2008-03-05,Royal Challengers Bangalore,Deccan Chargers,Deccan Chargers,field,normal,0,Royal Challengers Bangalore,3,0,P Kumar,M Chinnaswamy Stadium,BR Doctrove,SL Shastri,unknown
117,2008,Mumbai,2008-01-06,Chennai Super Kings,Rajasthan Royals,Rajasthan Royals,field,normal,0,Rajasthan Royals,0,3,YK Pathan,Dr DY Patil Sports Academy,BF Bowden,RE Koertzen,unknown
138,2009,East London,2009-01-05,Mumbai Indians,Kolkata Knight Riders,Mumbai Indians,bat,normal,0,Mumbai Indians,9,0,JP Duminy,Buffalo Park,M Erasmus,SK Tarapore,unknown
139,2009,Durban,2009-01-05,Royal Challengers Bangalore,Kings XI Punjab,Royal Challengers Bangalore,bat,normal,0,Royal Challengers Bangalore,8,0,Yuvraj Singh,Kingsmead,HDPK Dharmasena,S Ravi,unknown
140,2009,Port Elizabeth,2009-02-05,Deccan Chargers,Rajasthan Royals,Deccan Chargers,bat,normal,0,Rajasthan Royals,0,3,YK Pathan,St George's Park,S Asnani,BG Jerling,unknown
141,2009,Johannesburg,2009-02-05,Chennai Super Kings,Delhi Daredevils,Delhi Daredevils,field,normal,0,Chennai Super Kings,18,0,SB Jakati,New Wanderers Stadium,DJ Harper,RE Koertzen,unknown
142,2009,Port Elizabeth,2009-03-05,Kolkata Knight Riders,Kings XI Punjab,Kolkata Knight Riders,bat,normal,0,Kings XI Punjab,0,6,DPMD Jayawardene,St George's Park,S Asnani,MR Benson,unknown
143,2009,Johannesburg,2009-03-05,Mumbai Indians,Royal Challengers Bangalore,Mumbai Indians,bat,normal,0,Royal Challengers Bangalore,0,9,JH Kallis,New Wanderers Stadium,RE Koertzen,TH Wijewardene,unknown
144,2009,East London,2009-04-05,Chennai Super Kings,Deccan Chargers,Chennai Super Kings,bat,normal,0,Chennai Super Kings,78,0,MS Dhoni,Buffalo Park,BR Doctrove,M Erasmus,unknown
145,2009,Durban,2009-05-05,Rajasthan Royals,Kings XI Punjab,Kings XI Punjab,field,normal,0,Rajasthan Royals,78,0,GC Smith,Kingsmead,SS Hazare,IL Howell,unknown
146,2009,Durban,2009-05-05,Kolkata Knight Riders,Delhi Daredevils,Kolkata Knight Riders,bat,normal,0,Delhi Daredevils,0,9,G Gambhir,Kingsmead,GAV Baxter,IL Howell,unknown
147,2009,Centurion,2009-06-05,Deccan Chargers,Mumbai Indians,Deccan Chargers,bat,normal,0,Deccan Chargers,19,0,RG Sharma,SuperSport Park,MR Benson,HDPK Dharmasena,unknown
148,2009,Centurion,2009-07-05,Royal Challengers Bangalore,Rajasthan Royals,Rajasthan Royals,field,normal,0,Rajasthan Royals,0,7,A Singh,SuperSport Park,K Hariharan,DJ Harper,unknown
149,2009,Centurion,2009-07-05,Chennai Super Kings,Kings XI Punjab,Chennai Super Kings,bat,normal,1,Chennai Super Kings,12,0,ML Hayden,SuperSport Park,DJ Harper,TH Wijewardene,unknown
150,2009,East London,2009-08-05,Mumbai Indians,Delhi Daredevils,Mumbai Indians,bat,normal,0,Delhi Daredevils,0,7,A Nehra,Buffalo Park,M Erasmus,SK Tarapore,unknown
151,2009,Kimberley,2009-09-05,Deccan Chargers,Kings XI Punjab,Kings XI Punjab,field,normal,0,Kings XI Punjab,0,3,DPMD Jayawardene,De Beers Diamond Oval,GAV Baxter,AM Saheba,unknown
152,2009,Kimberley,2009-09-05,Rajasthan Royals,Chennai Super Kings,Rajasthan Royals,bat,normal,0,Chennai Super Kings,0,7,S Badrinath,De Beers Diamond Oval,GAV Baxter,HDPK Dharmasena,unknown
153,2009,Port Elizabeth,2009-10-05,Mumbai Indians,Royal Challengers Bangalore,Mumbai Indians,bat,normal,0,Mumbai Indians,16,0,JP Duminy,St George's Park,BR Doctrove,BG Jerling,unknown
154,2009,Johannesburg,2009-10-05,Kolkata Knight Riders,Delhi Daredevils,Delhi Daredevils,field,normal,0,Delhi Daredevils,0,7,A Mishra,New Wanderers Stadium,SL Shastri,RB Tiffin,unknown
155,2009,Kimberley,2009-11-05,Deccan Chargers,Rajasthan Royals,Deccan Chargers,bat,normal,0,Deccan Chargers,53,0,DR Smith,De Beers Diamond Oval,GAV Baxter,HDPK Dharmasena,unknown
156,2009,Centurion,2009-12-05,Kolkata Knight Riders,Royal Challengers Bangalore,Royal Challengers Bangalore,field,normal,0,Royal Challengers Bangalore,0,6,LRPL Taylor,SuperSport Park,M Erasmus,SS Hazare,unknown
157,2009,Centurion,2009-12-05,Kings XI Punjab,Mumbai Indians,Kings XI Punjab,bat,normal,0,Mumbai Indians,0,8,Harbhajan Singh,SuperSport Park,SS Hazare,RE Koertzen,unknown
175,2010,Mumbai,2010-12-03,Kolkata Knight Riders,Deccan Chargers,Deccan Chargers,field,normal,0,Kolkata Knight Riders,11,0,AD Mathews,Dr DY Patil Sports Academy,RE Koertzen,RB Tiffin,unknown
204,2010,Kolkata,2010-01-04,Kolkata Knight Riders,Deccan Chargers,Kolkata Knight Riders,bat,normal,0,Kolkata Knight Riders,24,0,SC Ganguly,Eden Gardens,K Hariharan,DJ Harper,unknown
205,2010,Chandigarh,2010-02-04,Kings XI Punjab,Royal Challengers Bangalore,Kings XI Punjab,bat,normal,0,Royal Challengers Bangalore,0,6,KP Pietersen,"Punjab Cricket Association Stadium, Mohali",BF Bowden,M Erasmus,unknown
206,2010,Chennai,2010-03-04,Chennai Super Kings,Rajasthan Royals,Chennai Super Kings,bat,normal,0,Chennai Super Kings,23,0,M Vijay,"MA Chidambaram Stadium, Chepauk",RE Koertzen,RB Tiffin,unknown
207,2010,Mumbai,2010-03-04,Mumbai Indians,Deccan Chargers,Mumbai Indians,bat,normal,0,Mumbai Indians,63,0,AT Rayudu,Brabourne Stadium,BR Doctrove,S Ravi,unknown
208,2010,Kolkata,2010-04-04,Kolkata Knight Riders,Kings XI Punjab,Kolkata Knight Riders,bat,normal,0,Kings XI Punjab,0,8,DPMD Jayawardene,Eden Gardens,S Asnani,DJ Harper,unknown
209,2010,Delhi,2010-04-04,Delhi Daredevils,Royal Challengers Bangalore,Delhi Daredevils,bat,normal,0,Delhi Daredevils,37,0,PD Collingwood,Feroz Shah Kotla,BF Bowden,M Erasmus,unknown
210,2010,Nagpur,2010-05-04,Rajasthan Royals,Deccan Chargers,Rajasthan Royals,bat,normal,0,Rajasthan Royals,2,0,SK Warne,"Vidarbha Cricket Association Stadium, Jamtha",HDPK Dharmasena,SJA Taufel,unknown
211,2010,Chennai,2010-06-04,Chennai Super Kings,Mumbai Indians,Chennai Super Kings,bat,normal,0,Chennai Super Kings,24,0,SK Raina,"MA Chidambaram Stadium, Chepauk",S Asnani,DJ Harper,unknown
212,2010,Jaipur,2010-07-04,Kings XI Punjab,Rajasthan Royals,Kings XI Punjab,bat,normal,0,Rajasthan Royals,0,9,MJ Lumb,Sawai Mansingh Stadium,S Ravi,SK Tarapore,unknown
213,2010,Kolkata,2010-07-04,Kolkata Knight Riders,Delhi Daredevils,Kolkata Knight Riders,bat,normal,0,Kolkata Knight Riders,14,0,SC Ganguly,Eden Gardens,BG Jerling,RE Koertzen,unknown
214,2010,Bangalore,2010-08-04,Royal Challengers Bangalore,Deccan Chargers,Deccan Chargers,field,normal,0,Deccan Chargers,0,7,TL Suman,M Chinnaswamy Stadium,S Asnani,DJ Harper,unknown
215,2010,Chandigarh,2010-09-04,Mumbai Indians,Kings XI Punjab,Mumbai Indians,bat,normal,0,Kings XI Punjab,0,6,KC Sangakkara,"Punjab Cricket Association Stadium, Mohali",M Erasmus,AM Saheba,unknown
216,2010,Nagpur,2010-10-04,Chennai Super Kings,Deccan Chargers,Chennai Super Kings,bat,normal,0,Deccan Chargers,0,6,RJ Harris,"Vidarbha Cricket Association Stadium, Jamtha",HDPK Dharmasena,SJA Taufel,unknown
217,2010,Bangalore,2010-10-04,Kolkata Knight Riders,Royal Challengers Bangalore,Royal Challengers Bangalore,field,normal,0,Royal Challengers Bangalore,0,7,R Vinay Kumar,M Chinnaswamy Stadium,K Hariharan,DJ Harper,unknown
218,2010,Delhi,2010-11-04,Delhi Daredevils,Kings XI Punjab,Delhi Daredevils,bat,normal,0,Kings XI Punjab,0,7,PP Chawla,Feroz Shah Kotla,BF Bowden,AM Saheba,unknown
219,2010,Jaipur,2010-11-04,Mumbai Indians,Rajasthan Royals,Rajasthan Royals,field,normal,0,Mumbai Indians,37,0,SR Tendulkar,Sawai Mansingh Stadium,BR Doctrove,SK Tarapore,unknown
220,2010,Nagpur,2010-12-04,Deccan Chargers,Royal Challengers Bangalore,Royal Challengers Bangalore,field,normal,0,Deccan Chargers,13,0,Harmeet Singh,"Vidarbha Cricket Association Stadium, Jamtha",RE Koertzen,RB Tiffin,unknown
235,2011,Chennai,2011-08-04,Chennai Super Kings,Kolkata Knight Riders,Chennai Super Kings,bat,normal,0,Chennai Super Kings,2,0,S Anirudha,"MA Chidambaram Stadium, Chepauk",BR Doctrove,PR Reiffel,unknown
236,2011,Hyderabad,2011-09-04,Deccan Chargers,Rajasthan Royals,Rajasthan Royals,field,normal,0,Rajasthan Royals,0,8,SK Trivedi,"Rajiv Gandhi International Stadium, Uppal",RE Koertzen,SK Tarapore,unknown
237,2011,Kochi,2011-09-04,Kochi Tuskers Kerala,Royal Challengers Bangalore,Kochi Tuskers Kerala,bat,normal,0,Royal Challengers Bangalore,0,6,AB de Villiers,Nehru Stadium,HDPK Dharmasena,K Hariharan,unknown
238,2011,Delhi,2011-10-04,Delhi Daredevils,Mumbai Indians,Delhi Daredevils,bat,normal,0,Mumbai Indians,0,8,SL Malinga,Feroz Shah Kotla,AM Saheba,RB Tiffin,unknown
239,2011,Mumbai,2011-10-04,Kings XI Punjab,Pune Warriors,Kings XI Punjab,bat,normal,0,Pune Warriors,0,7,SB Wagh,Dr DY Patil Sports Academy,BR Doctrove,PR Reiffel,unknown
240,2011,Kolkata,2011-11-04,Kolkata Knight Riders,Deccan Chargers,Kolkata Knight Riders,bat,normal,0,Kolkata Knight Riders,9,0,JH Kallis,Eden Gardens,RE Koertzen,SK Tarapore,unknown
241,2011,Jaipur,2011-12-04,Delhi Daredevils,Rajasthan Royals,Delhi Daredevils,bat,normal,0,Rajasthan Royals,0,6,SK Warne,Sawai Mansingh Stadium,Aleem Dar,RB Tiffin,unknown
242,2011,Bangalore,2011-12-04,Royal Challengers Bangalore,Mumbai Indians,Mumbai Indians,field,normal,0,Mumbai Indians,0,9,SR Tendulkar,M Chinnaswamy Stadium,HDPK Dharmasena,AL Hill,unknown
271,2011,Jaipur,2011-01-05,Pune Warriors,Rajasthan Royals,Rajasthan Royals,field,normal,0,Rajasthan Royals,0,6,LRPL Taylor,Sawai Mansingh Stadium,SK Tarapore,SJA Taufel,unknown
272,2011,Chennai,2011-01-05,Chennai Super Kings,Deccan Chargers,Chennai Super Kings,bat,normal,0,Chennai Super Kings,19,0,JA Morkel,"MA Chidambaram Stadium, Chepauk",Aleem Dar,RB Tiffin,unknown
273,2011,Mumbai,2011-02-05,Mumbai Indians,Kings XI Punjab,Kings XI Punjab,field,normal,0,Mumbai Indians,23,0,KA Pollard,Wankhede Stadium,HDPK Dharmasena,PR Reiffel,unknown
274,2011,Delhi,2011-02-05,Delhi Daredevils,Kochi Tuskers Kerala,Kochi Tuskers Kerala,field,normal,0,Kochi Tuskers Kerala,0,7,P Parameswaran,Feroz Shah Kotla,Asad Rauf,SL Shastri,unknown
275,2011,Hyderabad,2011-03-05,Kolkata Knight Riders,Deccan Chargers,Deccan Chargers,field,normal,0,Kolkata Knight Riders,20,0,YK Pathan,"Rajiv Gandhi International Stadium, Uppal",S Asnani,RJ Tucker,unknown
276,2011,Chennai,2011-04-05,Rajasthan Royals,Chennai Super Kings,Rajasthan Royals,bat,normal,0,Chennai Super Kings,0,8,MEK Hussey,"MA Chidambaram Stadium, Chepauk",SS Hazare,RB Tiffin,unknown
277,2011,Mumbai,2011-04-05,Mumbai Indians,Pune Warriors,Pune Warriors,field,normal,0,Mumbai Indians,21,0,R Sharma,Dr DY Patil Sports Academy,HDPK Dharmasena,SJA Taufel,unknown
278,2011,Kochi,2011-05-05,Kochi Tuskers Kerala,Kolkata Knight Riders,Kolkata Knight Riders,field,normal,0,Kochi Tuskers Kerala,17,0,BJ Hodge,Nehru Stadium,S Ravi,RJ Tucker,unknown
279,2011,Hyderabad,2011-05-05,Deccan Chargers,Delhi Daredevils,Delhi Daredevils,field,normal,0,Delhi Daredevils,0,4,V Sehwag,"Rajiv Gandhi International Stadium, Uppal",Asad Rauf,AM Saheba,unknown
280,2011,Bangalore,2011-06-05,Royal Challengers Bangalore,Kings XI Punjab,Kings XI Punjab,field,normal,0,Royal Challengers Bangalore,85,0,CH Gayle,M Chinnaswamy Stadium,Aleem Dar,RB Tiffin,unknown
281,2011,Kolkata,2011-07-05,Chennai Super Kings,Kolkata Knight Riders,Chennai Super Kings,bat,normal,1,Kolkata Knight Riders,10,0,Iqbal Abdulla,Eden Gardens,Asad Rauf,PR Reiffel,unknown
282,2011,Mumbai,2011-07-05,Mumbai Indians,Delhi Daredevils,Delhi Daredevils,field,normal,0,Mumbai Indians,32,0,AT Rayudu,Wankhede Stadium,K Hariharan,SJA Taufel,unknown
283,2011,Bangalore,2011-08-05,Kochi Tuskers Kerala,Royal Challengers Bangalore,Kochi Tuskers Kerala,bat,normal,0,Royal Challengers Bangalore,0,9,CH Gayle,M Chinnaswamy Stadium,Aleem Dar,SS Hazare,unknown
284,2011,Chandigarh,2011-08-05,Kings XI Punjab,Pune Warriors,Kings XI Punjab,bat,normal,0,Pune Warriors,0,5,R Sharma,"Punjab Cricket Association Stadium, Mohali",SK Tarapore,RJ Tucker,unknown
285,2011,Jaipur,2011-09-05,Chennai Super Kings,Rajasthan Royals,Rajasthan Royals,field,normal,0,Chennai Super Kings,63,0,M Vijay,Sawai Mansingh Stadium,K Hariharan,SJA Taufel,unknown
286,2011,Hyderabad,2011-10-05,Deccan Chargers,Pune Warriors,Deccan Chargers,bat,normal,0,Pune Warriors,0,6,MR Marsh,"Rajiv Gandhi International Stadium, Uppal",Asad Rauf,AM Saheba,unknown
287,2011,Chandigarh,2011-10-05,Kings XI Punjab,Mumbai Indians,Mumbai Indians,field,normal,0,Kings XI Punjab,76,0,BA Bhatt,"Punjab Cricket Association Stadium, Mohali",SK Tarapore,RJ Tucker,unknown
288,2011,Jaipur,2011-11-05,Rajasthan Royals,Royal Challengers Bangalore,Royal Challengers Bangalore,field,normal,0,Royal Challengers Bangalore,0,9,S Aravind,Sawai Mansingh Stadium,HDPK Dharmasena,K Hariharan,unknown
289,2011,Chennai,2011-12-05,Chennai Super Kings,Delhi Daredevils,Chennai Super Kings,bat,normal,0,Chennai Super Kings,18,0,MS Dhoni,"MA Chidambaram Stadium, Chepauk",AM Saheba,SL Shastri,unknown
308,2012,Chennai,2012-04-04,Chennai Super Kings,Mumbai Indians,Mumbai Indians,field,normal,0,Mumbai Indians,0,8,RE Levi,"MA Chidambaram Stadium, Chepauk",JD Cloete,SJA Taufel,unknown
309,2012,Kolkata,2012-05-04,Kolkata Knight Riders,Delhi Daredevils,Delhi Daredevils,field,normal,0,Delhi Daredevils,0,8,IK Pathan,Eden Gardens,S Asnani,HDPK Dharmasena,unknown
310,2012,Mumbai,2012-06-04,Pune Warriors,Mumbai Indians,Mumbai Indians,field,normal,0,Pune Warriors,28,0,SPD Smith,Wankhede Stadium,AK Chaudhary,SJA Taufel,unknown
311,2012,Jaipur,2012-06-04,Rajasthan Royals,Kings XI Punjab,Kings XI Punjab,field,normal,0,Rajasthan Royals,31,0,AM Rahane,Sawai Mansingh Stadium,BF Bowden,SK Tarapore,unknown
312,2012,Bangalore,2012-07-04,Royal Challengers Bangalore,Delhi Daredevils,Delhi Daredevils,field,normal,0,Royal Challengers Bangalore,20,0,AB de Villiers,M Chinnaswamy Stadium,S Asnani,S Ravi,unknown
313,2012,Visakhapatnam,2012-07-04,Chennai Super Kings,Deccan Chargers,Deccan Chargers,field,normal,0,Chennai Super Kings,74,0,RA Jadeja,Dr. Y.S. Rajasekhara Reddy ACA-VDCA Cricket Stadium,JD Cloete,HDPK Dharmasena,unknown
314,2012,Jaipur,2012-08-04,Rajasthan Royals,Kolkata Knight Riders,Kolkata Knight Riders,field,normal,0,Rajasthan Royals,22,0,BJ Hodge,Sawai Mansingh Stadium,BF Bowden,VA Kulkarni,unknown
315,2012,Pune,2012-08-04,Pune Warriors,Kings XI Punjab,Pune Warriors,bat,normal,0,Pune Warriors,22,0,MN Samuels,Subrata Roy Sahara Stadium,S Das,SJA Taufel,unknown
316,2012,Visakhapatnam,2012-09-04,Deccan Chargers,Mumbai Indians,Deccan Chargers,bat,normal,0,Mumbai Indians,0,5,RG Sharma,Dr. Y.S. Rajasekhara Reddy ACA-VDCA Cricket Stadium,AK Chaudhary,JD Cloete,unknown
317,2012,Bangalore,2012-10-04,Kolkata Knight Riders,Royal Challengers Bangalore,Royal Challengers Bangalore,field,normal,0,Kolkata Knight Riders,42,0,L Balaji,M Chinnaswamy Stadium,S Ravi,RJ Tucker,unknown
318,2012,Delhi,2012-10-04,Chennai Super Kings,Delhi Daredevils,Delhi Daredevils,field,normal,0,Delhi Daredevils,0,8,M Morkel,Feroz Shah Kotla,Asad Rauf,SK Tarapore,unknown
319,2012,Mumbai,2012-11-04,Mumbai Indians,Rajasthan Royals,Rajasthan Royals,field,normal,0,Mumbai Indians,27,0,KA Pollard,Wankhede Stadium,Aleem Dar,BNJ Oxenford,unknown
320,2012,Chennai,2012-12-04,Royal Challengers Bangalore,Chennai Super Kings,Royal Challengers Bangalore,bat,normal,0,Chennai Super Kings,0,5,F du Plessis,"MA Chidambaram Stadium, Chepauk",HDPK Dharmasena,RJ Tucker,unknown
321,2012,Chandigarh,2012-12-04,Pune Warriors,Kings XI Punjab,Kings XI Punjab,field,normal,0,Kings XI Punjab,0,7,AD Mascarenhas,"Punjab Cricket Association Stadium, Mohali",VA Kulkarni,SK Tarapore,unknown
331,2012,Hyderabad,2012-10-05,Deccan Chargers,Delhi Daredevils,Deccan Chargers,bat,normal,0,Delhi Daredevils,0,9,DA Warner,"Rajiv Gandhi International Stadium, Uppal",JD Cloete,SJA Taufel,unknown
348,2012,Cuttack,2012-01-05,Deccan Chargers,Pune Warriors,Deccan Chargers,bat,normal,0,Deccan Chargers,13,0,KC Sangakkara,Barabati Stadium,Aleem Dar,AK Chaudhary,unknown
349,2012,Jaipur,2012-01-05,Rajasthan Royals,Delhi Daredevils,Rajasthan Royals,bat,normal,0,Delhi Daredevils,0,6,P Negi,Sawai Mansingh Stadium,JD Cloete,SJA Taufel,unknown
350,2012,Bangalore,2012-02-05,Royal Challengers Bangalore,Kings XI Punjab,Kings XI Punjab,field,normal,0,Kings XI Punjab,0,4,Azhar Mahmood,M Chinnaswamy Stadium,BF Bowden,C Shamshuddin,unknown
351,2012,Pune,2012-03-05,Mumbai Indians,Pune Warriors,Mumbai Indians,bat,normal,0,Mumbai Indians,1,0,SL Malinga,Subrata Roy Sahara Stadium,Asad Rauf,S Asnani,unknown
352,2012,Chennai,2012-04-05,Chennai Super Kings,Deccan Chargers,Chennai Super Kings,bat,normal,0,Chennai Super Kings,10,0,SK Raina,"MA Chidambaram Stadium, Chepauk",HDPK Dharmasena,BNJ Oxenford,unknown
353,2012,Kolkata,2012-05-05,Kolkata Knight Riders,Pune Warriors,Kolkata Knight Riders,bat,normal,0,Kolkata Knight Riders,7,0,SP Narine,Eden Gardens,BF Bowden,SK Tarapore,unknown
354,2012,Chandigarh,2012-05-05,Rajasthan Royals,Kings XI Punjab,Rajasthan Royals,bat,normal,0,Rajasthan Royals,43,0,SR Watson,"Punjab Cricket Association Stadium, Mohali",JD Cloete,SJA Taufel,unknown
355,2012,Mumbai,2012-06-05,Chennai Super Kings,Mumbai Indians,Mumbai Indians,field,normal,0,Mumbai Indians,0,2,DR Smith,Wankhede Stadium,Asad Rauf,S Asnani,unknown
356,2012,Bangalore,2012-06-05,Deccan Chargers,Royal Challengers Bangalore,Royal Challengers Bangalore,field,normal,0,Royal Challengers Bangalore,0,5,AB de Villiers,M Chinnaswamy Stadium,HDPK Dharmasena,BNJ Oxenford,unknown
357,2012,Delhi,2012-07-05,Delhi Daredevils,Kolkata Knight Riders,Delhi Daredevils,bat,normal,0,Kolkata Knight Riders,0,6,JH Kallis,Feroz Shah Kotla,JD Cloete,S Ravi,unknown
358,2012,Pune,2012-08-05,Pune Warriors,Rajasthan Royals,Pune Warriors,bat,normal,0,Rajasthan Royals,0,7,SR Watson,Subrata Roy Sahara Stadium,Asad Rauf,BR Doctrove,unknown
359,2012,Hyderabad,2012-08-05,Kings XI Punjab,Deccan Chargers,Deccan Chargers,field,normal,0,Kings XI Punjab,25,0,Mandeep Singh,"Rajiv Gandhi International Stadium, Uppal",HDPK Dharmasena,BNJ Oxenford,unknown
360,2012,Mumbai,2012-09-05,Mumbai Indians,Royal Challengers Bangalore,Royal Challengers Bangalore,field,normal,0,Royal Challengers Bangalore,0,9,CH Gayle,Wankhede Stadium,BF Bowden,VA Kulkarni,unknown
361,2012,Jaipur,2012-10-05,Rajasthan Royals,Chennai Super Kings,Chennai Super Kings,field,normal,0,Chennai Super Kings,0,4,BW Hilfenhaus,Sawai Mansingh Stadium,BNJ Oxenford,C Shamshuddin,unknown
362,2012,Pune,2012-11-05,Royal Challengers Bangalore,Pune Warriors,Pune Warriors,field,normal,0,Royal Challengers Bangalore,35,0,CH Gayle,Subrata Roy Sahara Stadium,BF Bowden,SK Tarapore,unknown
363,2012,Kolkata,2012-12-05,Mumbai Indians,Kolkata Knight Riders,Mumbai Indians,bat,normal,0,Mumbai Indians,27,0,RG Sharma,Eden Gardens,S Ravi,SJA Taufel,unknown
364,2012,Chennai,2012-12-05,Delhi Daredevils,Chennai Super Kings,Chennai Super Kings,field,normal,0,Chennai Super Kings,0,9,BW Hilfenhaus,"MA Chidambaram Stadium, Chepauk",S Das,BR Doctrove,unknown
382,2013,Kolkata,2013-03-04,Delhi Daredevils,Kolkata Knight Riders,Kolkata Knight Riders,field,normal,0,Kolkata Knight Riders,0,6,SP Narine,Eden Gardens,S Ravi,SJA Taufel,unknown
383,2013,Bangalore,2013-04-04,Royal Challengers Bangalore,Mumbai Indians,Mumbai Indians,field,normal,0,Royal Challengers Bangalore,2,0,CH Gayle,M Chinnaswamy Stadium,VA Kulkarni,C Shamshuddin,unknown
384,2013,Hyderabad,2013-05-04,Sunrisers Hyderabad,Pune Warriors,Pune Warriors,field,normal,0,Sunrisers Hyderabad,22,0,A Mishra,"Rajiv Gandhi International Stadium, Uppal",S Ravi,SJA Taufel,unknown
385,2013,Delhi,2013-06-04,Rajasthan Royals,Delhi Daredevils,Rajasthan Royals,bat,normal,0,Rajasthan Royals,5,0,R Dravid,Feroz Shah Kotla,S Das,C Shamshuddin,unknown
386,2013,Chennai,2013-06-04,Mumbai Indians,Chennai Super Kings,Mumbai Indians,bat,normal,0,Mumbai Indians,9,0,KA Pollard,"MA Chidambaram Stadium, Chepauk",M Erasmus,VA Kulkarni,unknown
387,2013,Pune,2013-07-04,Pune Warriors,Kings XI Punjab,Pune Warriors,bat,normal,0,Kings XI Punjab,0,8,M Vohra,Subrata Roy Sahara Stadium,S Asnani,SJA Taufel,unknown
388,2013,Hyderabad,2013-07-04,Royal Challengers Bangalore,Sunrisers Hyderabad,Royal Challengers Bangalore,bat,tie,0,Sunrisers Hyderabad,0,0,GH Vihari,"Rajiv Gandhi International Stadium, Uppal",AK Chaudhary,S Ravi,unknown
389,2013,Jaipur,2013-08-04,Rajasthan Royals,Kolkata Knight Riders,Kolkata Knight Riders,field,normal,0,Rajasthan Royals,19,0,SK Trivedi,Sawai Mansingh Stadium,Aleem Dar,S Das,unknown
390,2013,Mumbai,2013-09-04,Mumbai Indians,Delhi Daredevils,Mumbai Indians,bat,normal,0,Mumbai Indians,44,0,KD Karthik,Wankhede Stadium,M Erasmus,VA Kulkarni,unknown
391,2013,Chandigarh,2013-10-04,Kings XI Punjab,Chennai Super Kings,Chennai Super Kings,field,normal,0,Chennai Super Kings,0,10,MEK Hussey,"Punjab Cricket Association Stadium, Mohali",Aleem Dar,C Shamshuddin,unknown
392,2013,Bangalore,2013-11-04,Kolkata Knight Riders,Royal Challengers Bangalore,Royal Challengers Bangalore,field,normal,0,Royal Challengers Bangalore,0,8,CH Gayle,M Chinnaswamy Stadium,Asad Rauf,AK Chaudhary,unknown
393,2013,Pune,2013-11-04,Rajasthan Royals,Pune Warriors,Rajasthan Royals,bat,normal,0,Pune Warriors,0,7,AJ Finch,Subrata Roy Sahara Stadium,M Erasmus,K Srinath,unknown
394,2013,Delhi,2013-12-04,Delhi Daredevils,Sunrisers Hyderabad,Delhi Daredevils,bat,normal,0,Sunrisers Hyderabad,0,3,A Mishra,Feroz Shah Kotla,Aleem Dar,Subroto Das,unknown
423,2013,Hyderabad,2013-01-05,Mumbai Indians,Sunrisers Hyderabad,Mumbai Indians,bat,normal,0,Sunrisers Hyderabad,0,7,I Sharma,"Rajiv Gandhi International Stadium, Uppal",Asad Rauf,S Asnani,unknown
424,2013,Raipur,2013-01-05,Kolkata Knight Riders,Delhi Daredevils,Kolkata Knight Riders,bat,normal,0,Delhi Daredevils,0,7,DA Warner,Shaheed Veer Narayan Singh International Stadium,HDPK Dharmasena,CK Nandan,unknown
425,2013,Chennai,2013-02-05,Chennai Super Kings,Kings XI Punjab,Chennai Super Kings,bat,normal,0,Chennai Super Kings,15,0,SK Raina,"MA Chidambaram Stadium, Chepauk",M Erasmus,VA Kulkarni,unknown
426,2013,Pune,2013-02-05,Royal Challengers Bangalore,Pune Warriors,Royal Challengers Bangalore,bat,normal,0,Royal Challengers Bangalore,17,0,AB de Villiers,Subrata Roy Sahara Stadium,Aleem Dar,C Shamshuddin,unknown
427,2013,Kolkata,2013-03-05,Rajasthan Royals,Kolkata Knight Riders,Rajasthan Royals,bat,normal,0,Kolkata Knight Riders,0,8,YK Pathan,Eden Gardens,HDPK Dharmasena,CK Nandan,unknown
428,2013,Hyderabad,2013-04-05,Delhi Daredevils,Sunrisers Hyderabad,Delhi Daredevils,bat,normal,0,Sunrisers Hyderabad,0,6,DJG Sammy,"Rajiv Gandhi International Stadium, Uppal",Asad Rauf,S Asnani,unknown
430,2013,Mumbai,2013-05-05,Mumbai Indians,Chennai Super Kings,Mumbai Indians,bat,normal,0,Mumbai Indians,60,0,MG Johnson,Wankhede Stadium,HDPK Dharmasena,CK Nandan,unknown
431,2013,Jaipur,2013-05-05,Pune Warriors,Rajasthan Royals,Pune Warriors,bat,normal,0,Rajasthan Royals,0,5,AM Rahane,Sawai Mansingh Stadium,C Shamshuddin,RJ Tucker,unknown
432,2013,Bangalore,2013-09-04,Sunrisers Hyderabad,Royal Challengers Bangalore,Sunrisers Hyderabad,bat,normal,0,Royal Challengers Bangalore,0,7,V Kohli,M Chinnaswamy Stadium,S Ravi,SJA Taufel,unknown
433,2013,Jaipur,2013-07-05,Delhi Daredevils,Rajasthan Royals,Delhi Daredevils,bat,normal,0,Rajasthan Royals,0,9,AM Rahane,Sawai Mansingh Stadium,Aleem Dar,RJ Tucker,unknown
434,2013,Mumbai,2013-07-05,Mumbai Indians,Kolkata Knight Riders,Mumbai Indians,bat,normal,0,Mumbai Indians,65,0,SR Tendulkar,Wankhede Stadium,HDPK Dharmasena,S Ravi,unknown
435,2013,Hyderabad,2013-08-05,Chennai Super Kings,Sunrisers Hyderabad,Sunrisers Hyderabad,field,normal,0,Chennai Super Kings,77,0,SK Raina,"Rajiv Gandhi International Stadium, Uppal",S Das,NJ Llong,unknown
436,2013,Chandigarh,2013-09-05,Kings XI Punjab,Rajasthan Royals,Rajasthan Royals,field,normal,0,Rajasthan Royals,0,8,KK Cooper,"Punjab Cricket Association Stadium, Mohali",HDPK Dharmasena,S Ravi,unknown
437,2013,Pune,2013-09-05,Kolkata Knight Riders,Pune Warriors,Kolkata Knight Riders,bat,normal,0,Kolkata Knight Riders,46,0,G Gambhir,Subrata Roy Sahara Stadium,Asad Rauf,S Asnani,unknown
438,2013,Delhi,2013-10-05,Royal Challengers Bangalore,Delhi Daredevils,Delhi Daredevils,field,normal,0,Royal Challengers Bangalore,4,0,JD Unadkat,Feroz Shah Kotla,NJ Llong,K Srinath,unknown
439,2013,Pune,2013-11-05,Pune Warriors,Mumbai Indians,Pune Warriors,bat,normal,0,Mumbai Indians,0,5,MG Johnson,Subrata Roy Sahara Stadium,Asad Rauf,AK Chaudhary,unknown
440,2013,Chandigarh,2013-11-05,Sunrisers Hyderabad,Kings XI Punjab,Kings XI Punjab,field,normal,0,Sunrisers Hyderabad,30,0,PA Patel,"Punjab Cricket Association Stadium, Mohali",S Das,RJ Tucker,unknown
441,2013,Ranchi,2013-12-05,Royal Challengers Bangalore,Kolkata Knight Riders,Kolkata Knight Riders,field,normal,0,Kolkata Knight Riders,0,5,JH Kallis,JSCA International Stadium Complex,NJ Llong,K Srinath,unknown
442,2013,Jaipur,2013-12-05,Chennai Super Kings,Rajasthan Royals,Rajasthan Royals,field,normal,0,Rajasthan Royals,0,5,SR Watson,Sawai Mansingh Stadium,HDPK Dharmasena,CK Nandan,unknown
448,2013,Chandigarh,2013-06-05,Royal Challengers Bangalore,Kings XI Punjab,Kings XI Punjab,field,normal,0,Kings XI Punjab,0,6,DA Miller,"Punjab Cricket Association Stadium, Mohali",VA Kulkarni,NJ Llong,unknown
478,2014,Ranchi,2014-02-05,Chennai Super Kings,Kolkata Knight Riders,Chennai Super Kings,bat,normal,0,Chennai Super Kings,34,0,RA Jadeja,JSCA International Stadium Complex,AK Chaudhary,NJ Llong,unknown
479,2014,Mumbai,2014-03-05,Kings XI Punjab,Mumbai Indians,Kings XI Punjab,bat,normal,0,Mumbai Indians,0,5,CJ Anderson,Wankhede Stadium,BNJ Oxenford,C Shamshuddin,unknown
480,2014,Delhi,2014-03-05,Delhi Daredevils,Rajasthan Royals,Rajasthan Royals,field,normal,0,Rajasthan Royals,0,7,KK Nair,Feroz Shah Kotla,SS Hazare,S Ravi,unknown
481,2014,Bangalore,2014-04-05,Sunrisers Hyderabad,Royal Challengers Bangalore,Royal Challengers Bangalore,field,normal,0,Royal Challengers Bangalore,0,4,AB de Villiers,M Chinnaswamy Stadium,HDPK Dharmasena,VA Kulkarni,unknown
482,2014,Ahmedabad,2014-05-05,Rajasthan Royals,Kolkata Knight Riders,Kolkata Knight Riders,field,normal,0,Rajasthan Royals,10,0,PV Tambe,"Sardar Patel Stadium, Motera",NJ Llong,CK Nandan,unknown
483,2014,Delhi,2014-05-05,Delhi Daredevils,Chennai Super Kings,Chennai Super Kings,field,normal,0,Chennai Super Kings,0,8,DR Smith,Feroz Shah Kotla,RM Deshpande,BNJ Oxenford,unknown
484,2014,Mumbai,2014-06-05,Mumbai Indians,Royal Challengers Bangalore,Royal Challengers Bangalore,field,normal,0,Mumbai Indians,19,0,RG Sharma,Wankhede Stadium,S Ravi,K Srinath,unknown
485,2014,Delhi,2014-07-05,Delhi Daredevils,Kolkata Knight Riders,Delhi Daredevils,bat,normal,0,Kolkata Knight Riders,0,8,G Gambhir,Feroz Shah Kotla,BNJ Oxenford,C Shamshuddin,unknown
486,2014,Cuttack,2014-07-05,Kings XI Punjab,Chennai Super Kings,Chennai Super Kings,field,normal,0,Kings XI Punjab,44,0,GJ Maxwell,Barabati Stadium,HDPK Dharmasena,PG Pathak,unknown
487,2014,Ahmedabad,2014-08-05,Sunrisers Hyderabad,Rajasthan Royals,Rajasthan Royals,field,normal,0,Sunrisers Hyderabad,32,0,B Kumar,"Sardar Patel Stadium, Motera",AK Chaudhary,NJ Llong,unknown
488,2014,Bangalore,2014-09-05,Kings XI Punjab,Royal Challengers Bangalore,Royal Challengers Bangalore,field,normal,0,Kings XI Punjab,32,0,Sandeep Sharma,M Chinnaswamy Stadium,S Ravi,K Srinath,unknown
489,2014,Delhi,2014-10-05,Delhi Daredevils,Sunrisers Hyderabad,Sunrisers Hyderabad,field,normal,1,Sunrisers Hyderabad,0,8,DW Steyn,Feroz Shah Kotla,RM Deshpande,BNJ Oxenford,unknown
490,2014,Mumbai,2014-10-05,Mumbai Indians,Chennai Super Kings,Chennai Super Kings,field,normal,0,Chennai Super Kings,0,4,DR Smith,Wankhede Stadium,HDPK Dharmasena,VA Kulkarni,unknown
491,2014,Cuttack,2014-11-05,Kings XI Punjab,Kolkata Knight Riders,Kolkata Knight Riders,field,normal,0,Kolkata Knight Riders,0,9,G Gambhir,Barabati Stadium,NJ Llong,CK Nandan,unknown
492,2014,Bangalore,2014-11-05,Royal Challengers Bangalore,Rajasthan Royals,Royal Challengers Bangalore,bat,normal,0,Rajasthan Royals,0,5,JP Faulkner,M Chinnaswamy Stadium,S Ravi,RJ Tucker,unknown
493,2014,Hyderabad,2014-12-05,Sunrisers Hyderabad,Mumbai Indians,Sunrisers Hyderabad,bat,normal,0,Mumbai Indians,0,7,AT Rayudu,"Rajiv Gandhi International Stadium, Uppal",HDPK Dharmasena,VA Kulkarni,unknown
517,2014,Bangalore,2014-01-06,Kings XI Punjab,Kolkata Knight Riders,Kolkata Knight Riders,field,normal,0,Kolkata Knight Riders,0,3,MK Pandey,M Chinnaswamy Stadium,HDPK Dharmasena,BNJ Oxenford,unknown
518,2015,Kolkata,2015-08-04,Mumbai Indians,Kolkata Knight Riders,Kolkata Knight Riders,field,normal,0,Kolkata Knight Riders,0,7,M Morkel,Eden Gardens,S Ravi,C Shamshuddin,unknown
519,2015,Chennai,2015-09-04,Chennai Super Kings,Delhi Daredevils,Delhi Daredevils,field,normal,0,Chennai Super Kings,1,0,A Nehra,"MA Chidambaram Stadium, Chepauk",RK Illingworth,VA Kulkarni,unknown
520,2015,Pune,2015-10-04,Rajasthan Royals,Kings XI Punjab,Kings XI Punjab,field,normal,0,Rajasthan Royals,26,0,JP Faulkner,Maharashtra Cricket Association Stadium,SD Fry,CB Gaffaney,unknown
521,2015,Chennai,2015-11-04,Chennai Super Kings,Sunrisers Hyderabad,Chennai Super Kings,bat,normal,0,Chennai Super Kings,45,0,BB McCullum,"MA Chidambaram Stadium, Chepauk",RK Illingworth,VA Kulkarni,unknown
522,2015,Kolkata,2015-11-04,Kolkata Knight Riders,Royal Challengers Bangalore,Royal Challengers Bangalore,field,normal,0,Royal Challengers Bangalore,0,3,CH Gayle,Eden Gardens,S Ravi,C Shamshuddin,unknown
523,2015,Delhi,2015-12-04,Delhi Daredevils,Rajasthan Royals,Rajasthan Royals,field,normal,0,Rajasthan Royals,0,3,DJ Hooda,Feroz Shah Kotla,SD Fry,CB Gaffaney,unknown
524,2015,Mumbai,2015-12-04,Kings XI Punjab,Mumbai Indians,Mumbai Indians,field,normal,0,Kings XI Punjab,18,0,GJ Bailey,Wankhede Stadium,AK Chaudhary,K Srinivasan,unknown
545,2015,Kolkata,2015-07-05,Kolkata Knight Riders,Delhi Daredevils,Kolkata Knight Riders,bat,normal,0,Kolkata Knight Riders,13,0,PP Chawla,Eden Gardens,AK Chaudhary,M Erasmus,unknown
548,2015,Delhi,2015-01-05,Kings XI Punjab,Delhi Daredevils,Delhi Daredevils,field,normal,0,Delhi Daredevils,0,9,NM Coulter-Nile,Feroz Shah Kotla,RK Illingworth,S Ravi,unknown
549,2015,Mumbai,2015-01-05,Mumbai Indians,Rajasthan Royals,Rajasthan Royals,field,normal,0,Mumbai Indians,8,0,AT Rayudu,Wankhede Stadium,HDPK Dharmasena,CK Nandan,unknown
550,2015,Bangalore,2015-02-05,Kolkata Knight Riders,Royal Challengers Bangalore,Royal Challengers Bangalore,field,normal,0,Royal Challengers Bangalore,0,7,Mandeep Singh,M Chinnaswamy Stadium,JD Cloete,PG Pathak,unknown
551,2015,Hyderabad,2015-02-05,Sunrisers Hyderabad,Chennai Super Kings,Chennai Super Kings,field,normal,0,Sunrisers Hyderabad,22,0,DA Warner,"Rajiv Gandhi International Stadium, Uppal",AK Chaudhary,K Srinivasan,unknown
552,2015,Chandigarh,2015-03-05,Mumbai Indians,Kings XI Punjab,Mumbai Indians,bat,normal,0,Mumbai Indians,23,0,LMP Simmons,"Punjab Cricket Association Stadium, Mohali",RK Illingworth,VA Kulkarni,unknown
553,2015,Mumbai,2015-03-05,Rajasthan Royals,Delhi Daredevils,Delhi Daredevils,field,normal,0,Rajasthan Royals,14,0,AM Rahane,Brabourne Stadium,HDPK Dharmasena,CB Gaffaney,unknown
554,2015,Chennai,2015-04-05,Chennai Super Kings,Royal Challengers Bangalore,Chennai Super Kings,bat,normal,0,Chennai Super Kings,24,0,SK Raina,"MA Chidambaram Stadium, Chepauk",C Shamshuddin,K Srinath,unknown
555,2015,Kolkata,2015-04-05,Kolkata Knight Riders,Sunrisers Hyderabad,Sunrisers Hyderabad,field,normal,0,Kolkata Knight Riders,35,0,UT Yadav,Eden Gardens,AK Chaudhary,M Erasmus,unknown
556,2015,Mumbai,2015-05-05,Delhi Daredevils,Mumbai Indians,Delhi Daredevils,bat,normal,0,Mumbai Indians,0,5,Harbhajan Singh,Wankhede Stadium,HDPK Dharmasena,CB Gaffaney,unknown
557,2015,Bangalore,2015-06-05,Royal Challengers Bangalore,Kings XI Punjab,Kings XI Punjab,field,normal,0,Royal Challengers Bangalore,138,0,CH Gayle,M Chinnaswamy Stadium,RK Illingworth,VA Kulkarni,unknown
558,2015,Mumbai,2015-07-05,Sunrisers Hyderabad,Rajasthan Royals,Rajasthan Royals,field,normal,0,Sunrisers Hyderabad,7,0,EJG Morgan,Brabourne Stadium,JD Cloete,C Shamshuddin,unknown
559,2015,Chennai,2015-08-05,Chennai Super Kings,Mumbai Indians,Chennai Super Kings,bat,normal,0,Mumbai Indians,0,6,HH Pandya,"MA Chidambaram Stadium, Chepauk",CB Gaffaney,CK Nandan,unknown
560,2015,Kolkata,2015-09-05,Kings XI Punjab,Kolkata Knight Riders,Kings XI Punjab,bat,normal,0,Kolkata Knight Riders,0,1,AD Russell,Eden Gardens,AK Chaudhary,HDPK Dharmasena,unknown
561,2015,Raipur,2015-09-05,Sunrisers Hyderabad,Delhi Daredevils,Sunrisers Hyderabad,bat,normal,0,Sunrisers Hyderabad,6,0,MC Henriques,Shaheed Veer Narayan Singh International Stadium,VA Kulkarni,S Ravi,unknown
562,2015,Mumbai,2015-10-05,Royal Challengers Bangalore,Mumbai Indians,Royal Challengers Bangalore,bat,normal,0,Royal Challengers Bangalore,39,0,AB de Villiers,Wankhede Stadium,JD Cloete,C Shamshuddin,unknown
563,2015,Chennai,2015-10-05,Chennai Super Kings,Rajasthan Royals,Chennai Super Kings,bat,normal,0,Chennai Super Kings,12,0,RA Jadeja,"MA Chidambaram Stadium, Chepauk",M Erasmus,CK Nandan,unknown
564,2015,Hyderabad,2015-11-05,Sunrisers Hyderabad,Kings XI Punjab,Sunrisers Hyderabad,bat,normal,0,Sunrisers Hyderabad,5,0,DA Warner,"Rajiv Gandhi International Stadium, Uppal",AK Chaudhary,HDPK Dharmasena,unknown
565,2015,Raipur,2015-12-05,Chennai Super Kings,Delhi Daredevils,Chennai Super Kings,bat,normal,0,Delhi Daredevils,0,6,Z Khan,Shaheed Veer Narayan Singh International Stadium,RK Illingworth,VA Kulkarni,unknown
577,2016,Mumbai,2016-09-04,Mumbai Indians,Rising Pune Supergiants,Mumbai Indians,bat,normal,0,Rising Pune Supergiants,0,9,AM Rahane,Wankhede Stadium,HDPK Dharmasena,CK Nandan,unknown
578,2016,Kolkata,2016-10-04,Delhi Daredevils,Kolkata Knight Riders,Kolkata Knight Riders,field,normal,0,Kolkata Knight Riders,0,9,AD Russell,Eden Gardens,S Ravi,C Shamshuddin,unknown
579,2016,Chandigarh,2016-11-04,Kings XI Punjab,Gujarat Lions,Gujarat Lions,field,normal,0,Gujarat Lions,0,5,AJ Finch,"Punjab Cricket Association IS Bindra Stadium, Mohali",AK Chaudhary,VA Kulkarni,unknown
580,2016,Bangalore,2016-12-04,Royal Challengers Bangalore,Sunrisers Hyderabad,Sunrisers Hyderabad,field,normal,0,Royal Challengers Bangalore,45,0,AB de Villiers,M Chinnaswamy Stadium,HDPK Dharmasena,VK Sharma,unknown
604,2016,Rajkot,2016-01-05,Kings XI Punjab,Gujarat Lions,Gujarat Lions,field,normal,0,Kings XI Punjab,23,0,AR Patel,Saurashtra Cricket Association Stadium,BNJ Oxenford,VK Sharma,unknown
605,2016,Pune,2016-01-05,Rising Pune Supergiants,Mumbai Indians,Mumbai Indians,field,normal,0,Mumbai Indians,0,8,RG Sharma,Maharashtra Cricket Association Stadium,AY Dandekar,RJ Tucker,unknown
606,2016,Bangalore,2016-02-05,Royal Challengers Bangalore,Kolkata Knight Riders,Kolkata Knight Riders,field,normal,0,Kolkata Knight Riders,0,5,AD Russell,M Chinnaswamy Stadium,M Erasmus,S Ravi,unknown
607,2016,Rajkot,2016-03-05,Gujarat Lions,Delhi Daredevils,Delhi Daredevils,field,normal,0,Delhi Daredevils,0,8,RR Pant,Saurashtra Cricket Association Stadium,CB Gaffaney,BNJ Oxenford,unknown
608,2016,Kolkata,2016-04-05,Kolkata Knight Riders,Kings XI Punjab,Kings XI Punjab,field,normal,0,Kolkata Knight Riders,7,0,AD Russell,Eden Gardens,AK Chaudhary,HDPK Dharmasena,unknown
609,2016,Delhi,2016-05-05,Delhi Daredevils,Rising Pune Supergiants,Rising Pune Supergiants,field,normal,0,Rising Pune Supergiants,0,7,AM Rahane,Feroz Shah Kotla,C Shamshuddin,RJ Tucker,unknown
610,2016,Hyderabad,2016-06-05,Gujarat Lions,Sunrisers Hyderabad,Sunrisers Hyderabad,field,normal,0,Sunrisers Hyderabad,0,5,B Kumar,"Rajiv Gandhi International Stadium, Uppal",M Erasmus,S Ravi,unknown
611,2016,Bangalore,2016-07-05,Rising Pune Supergiants,Royal Challengers Bangalore,Royal Challengers Bangalore,field,normal,0,Royal Challengers Bangalore,0,7,V Kohli,M Chinnaswamy Stadium,CB Gaffaney,BNJ Oxenford,unknown
612,2016,Chandigarh,2016-07-05,Kings XI Punjab,Delhi Daredevils,Delhi Daredevils,field,normal,0,Kings XI Punjab,9,0,MP Stoinis,"Punjab Cricket Association IS Bindra Stadium, Mohali",HDPK Dharmasena,CK Nandan,unknown
613,2016,Visakhapatnam,2016-08-05,Sunrisers Hyderabad,Mumbai Indians,Mumbai Indians,field,normal,0,Sunrisers Hyderabad,85,0,A Nehra,Dr. Y.S. Rajasekhara Reddy ACA-VDCA Cricket Stadium,S Ravi,C Shamshuddin,unknown
614,2016,Kolkata,2016-08-05,Kolkata Knight Riders,Gujarat Lions,Gujarat Lions,field,normal,0,Gujarat Lions,0,5,P Kumar,Eden Gardens,M Erasmus,RJ Tucker,unknown
615,2016,Chandigarh,2016-09-05,Royal Challengers Bangalore,Kings XI Punjab,Kings XI Punjab,field,normal,0,Royal Challengers Bangalore,1,0,SR Watson,"Punjab Cricket Association IS Bindra Stadium, Mohali",AK Chaudhary,HDPK Dharmasena,unknown
616,2016,Visakhapatnam,2016-10-05,Sunrisers Hyderabad,Rising Pune Supergiants,Sunrisers Hyderabad,bat,normal,0,Sunrisers Hyderabad,4,0,A Zampa,Dr. Y.S. Rajasekhara Reddy ACA-VDCA Cricket Stadium,CB Gaffaney,VK Sharma,unknown
617,2016,Bangalore,2016-11-05,Royal Challengers Bangalore,Mumbai Indians,Mumbai Indians,field,normal,0,Mumbai Indians,0,6,KH Pandya,M Chinnaswamy Stadium,AY Dandekar,C Shamshuddin,unknown
618,2016,Hyderabad,2016-12-05,Sunrisers Hyderabad,Delhi Daredevils,Delhi Daredevils,field,normal,0,Delhi Daredevils,0,7,CH Morris,"Rajiv Gandhi International Stadium, Uppal",K Bharatan,M Erasmus,unknown
